"id","name"
1,"г. Уфа, б-р Давлеткильдеева, д. 5/1"
2,"г. Уфа, б-р Дуванский, д. 24/1"
3,"г. Уфа, б-р Дуванский, д. 26"
4,"г. Уфа, б-р Дуванский, д. 28"
5,"г. Уфа, б-р Ибрагимова, д. 23"
6,"г. Уфа, б-р Ибрагимова, д. 35"
7,"г. Уфа, б-р Ибрагимова, д. 35/1"
8,"г. Уфа, б-р Ибрагимова, д. 37"
9,"г. Уфа, б-р Ибрагимова, д. 37/1"
10,"г. Уфа, б-р Ибрагимова, д. 47/1"
11,"г. Уфа, б-р Ибрагимова, д. 49/1"
12,"г. Уфа, б-р Ибрагимова, д. 51"
13,"г. Уфа, б-р Молодежный, д. 3"
14,"г. Уфа, б-р Молодежный, д. 5/2"
15,"г. Уфа, б-р Молодежный, д. 6"
16,"г. Уфа, б-р Молодежный, д. 7"
17,"г. Уфа, б-р Плеханова, д. 3"
18,"г. Уфа, б-р Плеханова, д. 7"
19,"г. Уфа, б-р Плеханова, д. 9/1"
20,"г. Уфа, б-р Славы, д. 1"
21,"г. Уфа, б-р Славы, д. 1А"
22,"г. Уфа, б-р Славы, д. 1В"
23,"г. Уфа, б-р Славы, д. 2/1"
24,"г. Уфа, б-р Славы, д. 2/2"
25,"г. Уфа, б-р Славы, д. 2/3"
26,"г. Уфа, б-р Славы, д. 3"
27,"г. Уфа, б-р Славы, д. 4"
28,"г. Уфа, б-р Славы, д. 14"
29,"г. Уфа, б-р Славы, д. 18"
30,"г. Уфа, б-р Тухвата Янаби, д. 53"
31,"г. Уфа, б-р Тухвата Янаби, д. 53/1"
32,"г. Уфа, б-р Тухвата Янаби, д. 53/2"
33,"г. Уфа, б-р Тухвата Янаби, д. 59/1"
34,"г. Уфа, б-р Тухвата Янаби, д. 65/1"
35,"г. Уфа, б-р Тюлькина, д. 3"
36,"г. Уфа, б-р Тюлькина, д. 5"
37,"г. Уфа, б-р Тюлькина, д. 5/1"
38,"г. Уфа, б-р Тюлькина, д. 7"
39,"г. Уфа, б-р Тюлькина, д. 7/1"
40,"г. Уфа, б-р Тюлькина, д. 7/2"
41,"г. Уфа, б-р Тюлькина, д. 7/3"
42,"г. Уфа, б-р Хадии Давлетшиной, д. 16"
43,"г. Уфа, б-р Хадии Давлетшиной, д. 16/1"
44,"г. Уфа, б-р Хадии Давлетшиной, д. 21"
45,"г. Уфа, б-р Хадии Давлетшиной, д. 24/1"
46,"г. Уфа, пер Дачный, д. 6"
47,"г. Уфа, пер Запорожский, д. 7"
48,"г. Уфа, пер Кулибина, д. 4"
49,"г. Уфа, пер Пархоменко, д. 6/1"
50,"г. Уфа, пер Пархоменко, д. 8"
51,"г. Уфа, пер Шкаповский, д. 1"
52,"г. Уфа, пр-кт Октября, д. 3"
53,"г. Уфа, пр-кт Октября, д. 5"
54,"г. Уфа, пр-кт Октября, д. 5/1"
55,"г. Уфа, пр-кт Октября, д. 6/3"
56,"г. Уфа, пр-кт Октября, д. 7"
57,"г. Уфа, пр-кт Октября, д. 8/1"
58,"г. Уфа, пр-кт Октября, д. 9"
59,"г. Уфа, пр-кт Октября, д. 10/1"
60,"г. Уфа, пр-кт Октября, д. 15/1"
61,"г. Уфа, пр-кт Октября, д. 21"
62,"г. Уфа, пр-кт Октября, д. 21/1"
63,"г. Уфа, пр-кт Октября, д. 21/3"
64,"г. Уфа, пр-кт Октября, д. 25"
65,"г. Уфа, пр-кт Октября, д. 26/1"
66,"г. Уфа, пр-кт Октября, д. 37/1"
67,"г. Уфа, пр-кт Октября, д. 43/3"
68,"г. Уфа, пр-кт Октября, д. 45"
69,"г. Уфа, пр-кт Октября, д. 45/2"
70,"г. Уфа, пр-кт Октября, д. 49/2"
71,"г. Уфа, пр-кт Октября, д. 52/1"
72,"г. Уфа, пр-кт Октября, д. 57/1"
73,"г. Уфа, пр-кт Октября, д. 57/2"
74,"г. Уфа, пр-кт Октября, д. 60"
75,"г. Уфа, пр-кт Октября, д. 61/1"
76,"г. Уфа, пр-кт Октября, д. 62"
77,"г. Уфа, пр-кт Октября, д. 62/1"
78,"г. Уфа, пр-кт Октября, д. 63"
79,"г. Уфа, пр-кт Октября, д. 63/5"
80,"г. Уфа, пр-кт Октября, д. 65/2"
81,"г. Уфа, пр-кт Октября, д. 65/4"
82,"г. Уфа, пр-кт Октября, д. 65/5"
83,"г. Уфа, пр-кт Октября, д. 66/2"
84,"г. Уфа, пр-кт Октября, д. 68"
85,"г. Уфа, пр-кт Октября, д. 68/1"
86,"г. Уфа, пр-кт Октября, д. 71/2"
87,"г. Уфа, пр-кт Октября, д. 71/3"
88,"г. Уфа, пр-кт Октября, д. 82"
89,"г. Уфа, пр-кт Октября, д. 83/1"
90,"г. Уфа, пр-кт Октября, д. 84 кор.3"
91,"г. Уфа, пр-кт Октября, д. 84/1"
92,"г. Уфа, пр-кт Октября, д. 84/2"
93,"г. Уфа, пр-кт Октября, д. 86/2"
94,"г. Уфа, пр-кт Октября, д. 87/4"
95,"г. Уфа, пр-кт Октября, д. 88/1"
96,"г. Уфа, пр-кт Октября, д. 89/1"
97,"г. Уфа, пр-кт Октября, д. 92/1"
98,"г. Уфа, пр-кт Октября, д. 93"
99,"г. Уфа, пр-кт Октября, д. 93/1"
100,"г. Уфа, пр-кт Октября, д. 95/1"
101,"г. Уфа, пр-кт Октября, д. 97/1"
102,"г. Уфа, пр-кт Октября, д. 103"
103,"г. Уфа, пр-кт Октября, д. 103/1"
104,"г. Уфа, пр-кт Октября, д. 105/1"
105,"г. Уфа, пр-кт Октября, д. 105/5"
106,"г. Уфа, пр-кт Октября, д. 106"
107,"г. Уфа, пр-кт Октября, д. 106/1"
108,"г. Уфа, пр-кт Октября, д. 106/3"
109,"г. Уфа, пр-кт Октября, д. 107/1"
110,"г. Уфа, пр-кт Октября, д. 109"
111,"г. Уфа, пр-кт Октября, д. 110"
112,"г. Уфа, пр-кт Октября, д. 111"
113,"г. Уфа, пр-кт Октября, д. 111/2"
114,"г. Уфа, пр-кт Октября, д. 112/1"
115,"г. Уфа, пр-кт Октября, д. 112/3"
116,"г. Уфа, пр-кт Октября, д. 113"
117,"г. Уфа, пр-кт Октября, д. 117"
118,"г. Уфа, пр-кт Октября, д. 117/2"
119,"г. Уфа, пр-кт Октября, д. 121"
120,"г. Уфа, пр-кт Октября, д. 121/1А"
121,"г. Уфа, пр-кт Октября, д. 124/3"
122,"г. Уфа, пр-кт Октября, д. 126/2"
123,"г. Уфа, пр-кт Октября, д. 127/1А"
124,"г. Уфа, пр-кт Октября, д. 128"
125,"г. Уфа, пр-кт Октября, д. 128/1"
126,"г. Уфа, пр-кт Октября, д. 130"
127,"г. Уфа, пр-кт Октября, д. 130/2"
128,"г. Уфа, пр-кт Октября, д. 130/4"
129,"г. Уфа, пр-кт Октября, д. 131/1"
130,"г. Уфа, пр-кт Октября, д. 132/2"
131,"г. Уфа, пр-кт Октября, д. 134/1"
132,"г. Уфа, пр-кт Октября, д. 135"
133,"г. Уфа, пр-кт Октября, д. 136/1"
134,"г. Уфа, пр-кт Октября, д. 142"
135,"г. Уфа, пр-кт Октября, д. 142/1"
136,"г. Уфа, пр-кт Октября, д. 142/3"
137,"г. Уфа, пр-кт Октября, д. 142/4"
138,"г. Уфа, пр-кт Октября, д. 144"
139,"г. Уфа, пр-кт Октября, д. 144/1"
140,"г. Уфа, пр-кт Октября, д. 160/1"
141,"г. Уфа, пр-кт Октября, д. 166"
142,"г. Уфа, пр-кт Октября, д. 170"
143,"г. Уфа, пр-кт Салавата Юлаева, д. 1"
144,"г. Уфа, проезд Лесной, д. 6/2"
145,"г. Уфа, проезд Лесной, д. 6/3"
146,"г. Уфа, проезд Лесной, д. 8/1"
147,"г. Уфа, проезд Лесной, д. 12"
148,"г. Уфа, проезд Лесной, д. 14/1"
149,"г. Уфа, проезд Лесной, д. 14/2"
150,"г. Уфа, ул 40 лет Октября, д. 8"
151,"г. Уфа, ул 40 лет Октября, д. 9/1"
152,"г. Уфа, ул 40 лет Октября, д. 12А"
153,"г. Уфа, ул 50 лет СССР, д. 2"
154,"г. Уфа, ул 50 лет СССР, д. 3"
155,"г. Уфа, ул 50 лет СССР, д. 5"
156,"г. Уфа, ул 50 лет СССР, д. 6"
157,"г. Уфа, ул 50 лет СССР, д. 38"
158,"г. Уфа, ул 50 лет СССР, д. 40"
159,"г. Уфа, ул 50 лет СССР, д. 42"
160,"г. Уфа, ул 50 лет СССР, д. 43"
161,"г. Уфа, ул 50 лет СССР, д. 43/2"
162,"г. Уфа, ул 50 лет СССР, д. 44"
163,"г. Уфа, ул 50 лет СССР, д. 48"
164,"г. Уфа, ул 50-летия Октября, д. 3"
165,"г. Уфа, ул 50-летия Октября, д. 6/8"
166,"г. Уфа, ул 50-летия Октября, д. 7"
167,"г. Уфа, ул 8 Марта, д. 10"
168,"г. Уфа, ул 8 Марта, д. 13"
169,"г. Уфа, ул 8 Марта, д. 18"
170,"г. Уфа, ул 8 Марта, д. 24/1"
171,"г. Уфа, ул 8 Марта, д. 26"
172,"г. Уфа, ул 8 Марта, д. 28"
173,"г. Уфа, ул Авиаторов, д. 19"
174,"г. Уфа, ул Авроры, д. 1"
175,"г. Уфа, ул Авроры, д. 5"
176,"г. Уфа, ул Авроры, д. 11/1А"
177,"г. Уфа, ул Авроры, д. 11/1Б"
178,"г. Уфа, ул Авроры, д. 31"
179,"г. Уфа, ул Адмирала Макарова, д. 14/1"
180,"г. Уфа, ул Адмирала Ушакова, д. 72/1"
181,"г. Уфа, ул Адмирала Ушакова, д. 86/1"
182,"г. Уфа, ул Адмирала Ушакова, д. 86/2"
183,"г. Уфа, ул Адмирала Ушакова, д. 88"
184,"г. Уфа, ул Адмирала Ушакова, д. 88/1"
185,"г. Уфа, ул Адмирала Ушакова, д. 90"
186,"г. Уфа, ул Адмирала Ушакова, д. 90/1"
187,"г. Уфа, ул Айская, д. 64/1"
188,"г. Уфа, ул Айская, д. 67"
189,"г. Уфа, ул Айская, д. 71"
190,"г. Уфа, ул Айская, д. 79"
191,"г. Уфа, ул Айская, д. 81"
192,"г. Уфа, ул Айская, д. 82"
193,"г. Уфа, ул Айская, д. 84"
194,"г. Уфа, ул Айская, д. 91/1"
195,"г. Уфа, ул Академика Королева, д. 1"
196,"г. Уфа, ул Академика Королева, д. 3"
197,"г. Уфа, ул Академика Королева, д. 7"
198,"г. Уфа, ул Академика Королева, д. 8"
199,"г. Уфа, ул Академика Королева, д. 13"
200,"г. Уфа, ул Академика Королева, д. 15"
201,"г. Уфа, ул Академика Королева, д. 17"
202,"г. Уфа, ул Академика Королева, д. 19"
203,"г. Уфа, ул Академика Королева, д. 21"
204,"г. Уфа, ул Академика Королева, д. 22"
205,"г. Уфа, ул Академика Королева, д. 26"
206,"г. Уфа, ул Академика Королева, д. 29"
207,"г. Уфа, ул Академика Королева, д. 30"
208,"г. Уфа, ул Академика Королева, д. 30/1"
209,"г. Уфа, ул Академика Королева, д. 30/2"
210,"г. Уфа, ул Академика Королева, д. 33"
211,"г. Уфа, ул Аксакова, д. 58"
212,"г. Уфа, ул Аксакова, д. 58/1"
213,"г. Уфа, ул Аксакова, д. 60"
214,"г. Уфа, ул Аксакова, д. 62"
215,"г. Уфа, ул Александра Невского, д. 19"
216,"г. Уфа, ул Александра Невского, д. 21"
217,"г. Уфа, ул Александра Невского, д. 22"
218,"г. Уфа, ул Александра Невского, д. 23"
219,"г. Уфа, ул Александра Невского, д. 25"
220,"г. Уфа, ул Александра Невского, д. 30А"
221,"г. Уфа, ул Александра Невского, д. 33"
222,"г. Уфа, ул Александра Невского, д. 37"
223,"г. Уфа, ул Альшеевская, д. 12"
224,"г. Уфа, ул Альшеевская, д. 14"
225,"г. Уфа, ул Антонова, д. 4"
226,"г. Уфа, ул Архитектурная, д. 4"
227,"г. Уфа, ул Архитектурная, д. 14"
228,"г. Уфа, ул Архитектурная, д. 18"
229,"г. Уфа, ул Ахметова, д. 300"
230,"г. Уфа, ул Ахметова, д. 300/1"
231,"г. Уфа, ул Ахметова, д. 302"
232,"г. Уфа, ул Ахметова, д. 304/2"
233,"г. Уфа, ул Ахметова, д. 316"
234,"г. Уфа, ул Ахметова, д. 316/1"
235,"г. Уфа, ул Ахметова, д. 322"
236,"г. Уфа, ул Ахметова, д. 322/1"
237,"г. Уфа, ул Ахметова, д. 322/2"
238,"г. Уфа, ул Ахметова, д. 322А"
239,"г. Уфа, ул Бабушкина, д. 21/1"
240,"г. Уфа, ул Бабушкина, д. 52"
241,"г. Уфа, ул Бакалинская, д. 48"
242,"г. Уфа, ул Бакалинская, д. 50/1"
243,"г. Уфа, ул Бакалинская, д. 60"
244,"г. Уфа, ул Бакалинская, д. 60/1"
245,"г. Уфа, ул Бакалинская, д. 60/2"
246,"г. Уфа, ул Бакалинская, д. 60/3"
247,"г. Уфа, ул Бакалинская, д. 62"
248,"г. Уфа, ул Бакалинская, д. 68/1"
249,"г. Уфа, ул Бакалинская, д. 68/2"
250,"г. Уфа, ул Бакалинская, д. 68/6"
251,"г. Уфа, ул Бакалинская, д. 70"
252,"г. Уфа, ул Бакалинская, д. 70/1"
253,"г. Уфа, ул Бакалинская, д. 70/2"
254,"г. Уфа, ул Баргузинская, д. 6"
255,"г. Уфа, ул Батырская, д. 4/1"
256,"г. Уфа, ул Батырская, д. 10"
257,"г. Уфа, ул Батырская, д. 10/1"
258,"г. Уфа, ул Батырская, д. 18"
259,"г. Уфа, ул Батырская, д. 41/4"
260,"г. Уфа, ул Баязита Бикбая, д. 2"
261,"г. Уфа, ул Баязита Бикбая, д. 4"
262,"г. Уфа, ул Баязита Бикбая, д. 6"
263,"г. Уфа, ул Баязита Бикбая, д. 8"
264,"г. Уфа, ул Баязита Бикбая, д. 12"
265,"г. Уфа, ул Баязита Бикбая, д. 12/1"
266,"г. Уфа, ул Баязита Бикбая, д. 12/3"
267,"г. Уфа, ул Баязита Бикбая, д. 14"
268,"г. Уфа, ул Баязита Бикбая, д. 18"
269,"г. Уфа, ул Баязита Бикбая, д. 19"
270,"г. Уфа, ул Баязита Бикбая, д. 19/1"
271,"г. Уфа, ул Баязита Бикбая, д. 20"
272,"г. Уфа, ул Баязита Бикбая, д. 21"
273,"г. Уфа, ул Баязита Бикбая, д. 22"
274,"г. Уфа, ул Баязита Бикбая, д. 23"
275,"г. Уфа, ул Баязита Бикбая, д. 23/1"
276,"г. Уфа, ул Баязита Бикбая, д. 24"
277,"г. Уфа, ул Баязита Бикбая, д. 24/1"
278,"г. Уфа, ул Баязита Бикбая, д. 24/2"
279,"г. Уфа, ул Баязита Бикбая, д. 24/3"
280,"г. Уфа, ул Баязита Бикбая, д. 24/4"
281,"г. Уфа, ул Баязита Бикбая, д. 25"
282,"г. Уфа, ул Баязита Бикбая, д. 25/1"
283,"г. Уфа, ул Баязита Бикбая, д. 26"
284,"г. Уфа, ул Баязита Бикбая, д. 27"
285,"г. Уфа, ул Баязита Бикбая, д. 28"
286,"г. Уфа, ул Баязита Бикбая, д. 29"
287,"г. Уфа, ул Баязита Бикбая, д. 30"
288,"г. Уфа, ул Баязита Бикбая, д. 31"
289,"г. Уфа, ул Баязита Бикбая, д. 32"
290,"г. Уфа, ул Баязита Бикбая, д. 33"
291,"г. Уфа, ул Баязита Бикбая, д. 35"
292,"г. Уфа, ул Баязита Бикбая, д. 39"
293,"г. Уфа, ул Белякова, д. 32"
294,"г. Уфа, ул Бессонова, д. 23"
295,"г. Уфа, ул Бессонова, д. 25"
296,"г. Уфа, ул Бессонова, д. 27"
297,"г. Уфа, ул Бессонова, д. 31"
298,"г. Уфа, ул Бехтерева, д. 10/1"
299,"г. Уфа, ул Бехтерева, д. 10/2"
300,"г. Уфа, ул Бехтерева, д. 16"
301,"г. Уфа, ул Бехтерева, д. 16/2"
302,"г. Уфа, ул Блюхера, д. 2/1"
303,"г. Уфа, ул Блюхера, д. 6/4"
304,"г. Уфа, ул Блюхера, д. 10/1"
305,"г. Уфа, ул Блюхера, д. 10А"
306,"г. Уфа, ул Блюхера, д. 13"
307,"г. Уфа, ул Блюхера, д. 14"
308,"г. Уфа, ул Блюхера, д. 21/2"
309,"г. Уфа, ул Блюхера, д. 25/1"
310,"г. Уфа, ул Блюхера, д. 27/1"
311,"г. Уфа, ул Блюхера, д. 42"
312,"г. Уфа, ул Богдана Хмельницкого, д. 54"
313,"г. Уфа, ул Богдана Хмельницкого, д. 57/1"
314,"г. Уфа, ул Богдана Хмельницкого, д. 58"
315,"г. Уфа, ул Богдана Хмельницкого, д. 60"
316,"г. Уфа, ул Богдана Хмельницкого, д. 88"
317,"г. Уфа, ул Богдана Хмельницкого, д. 88/1"
318,"г. Уфа, ул Богдана Хмельницкого, д. 92"
319,"г. Уфа, ул Богдана Хмельницкого, д. 92/1"
320,"г. Уфа, ул Богдана Хмельницкого, д. 112"
321,"г. Уфа, ул Богдана Хмельницкого, д. 123"
322,"г. Уфа, ул Богдана Хмельницкого, д. 125"
323,"г. Уфа, ул Богдана Хмельницкого, д. 127"
324,"г. Уфа, ул Богдана Хмельницкого, д. 129"
325,"г. Уфа, ул Богдана Хмельницкого, д. 131"
326,"г. Уфа, ул Богдана Хмельницкого, д. 132"
327,"г. Уфа, ул Богдана Хмельницкого, д. 133"
328,"г. Уфа, ул Богдана Хмельницкого, д. 134"
329,"г. Уфа, ул Большая Шелководная, д. 2"
330,"г. Уфа, ул Большая Шелководная, д. 4"
331,"г. Уфа, ул Большая Шелководная, д. 6"
332,"г. Уфа, ул Борисоглебская, д. 1"
333,"г. Уфа, ул Борисоглебская, д. 3"
334,"г. Уфа, ул Борисоглебская, д. 5"
335,"г. Уфа, ул Борисоглебская, д. 8"
336,"г. Уфа, ул Борисоглебская, д. 10"
337,"г. Уфа, ул Борисоглебская, д. 17/1"
338,"г. Уфа, ул Борисоглебская, д. 20"
339,"г. Уфа, ул Борисоглебская, д. 28/1"
340,"г. Уфа, ул Борисоглебская, д. 34"
341,"г. Уфа, ул Боткина, д. 4"
342,"г. Уфа, ул Боткина, д. 5"
343,"г. Уфа, ул Боткина, д. 7"
344,"г. Уфа, ул Боткина, д. 12"
345,"г. Уфа, ул Братьев Кадомцевых, д. 7"
346,"г. Уфа, ул Братьев Кадомцевых, д. 10/1"
347,"г. Уфа, ул Братьев Кадомцевых, д. 11/1"
348,"г. Уфа, ул Братьев Кадомцевых, д. 14"
349,"г. Уфа, ул Владивостокская, д. 13"
350,"г. Уфа, ул Владивостокская, д. 13/1"
351,"г. Уфа, ул Вокзальная, д. 18"
352,"г. Уфа, ул Вологодская, д. 7"
353,"г. Уфа, ул Вологодская, д. 9"
354,"г. Уфа, ул Вологодская, д. 13"
355,"г. Уфа, ул Вологодская, д. 19"
356,"г. Уфа, ул Вологодская, д. 20/1"
357,"г. Уфа, ул Вологодская, д. 22/2"
358,"г. Уфа, ул Вологодская, д. 23"
359,"г. Уфа, ул Вологодская, д. 27/1"
360,"г. Уфа, ул Вологодская, д. 27А"
361,"г. Уфа, ул Вологодская, д. 32"
362,"г. Уфа, ул Вологодская, д. 38"
363,"г. Уфа, ул Вологодская, д. 66"
364,"г. Уфа, ул Вологодская, д. 68"
365,"г. Уфа, ул Вологодская, д. 79А"
366,"г. Уфа, ул Вологодская, д. 81"
367,"г. Уфа, ул Вологодская, д. 81/1"
368,"г. Уфа, ул Высоковольтная, д. 20"
369,"г. Уфа, ул Габдуллы Амантая, д. 6/1"
370,"г. Уфа, ул Гафури, д. 19/1"
371,"г. Уфа, ул Гафури, д. 27"
372,"г. Уфа, ул Гафури, д. 27/1"
373,"г. Уфа, ул Гафури, д. 27/2"
374,"г. Уфа, ул Гафури, д. 29"
375,"г. Уфа, ул Гафури, д. 52"
376,"г. Уфа, ул Гафури, д. 105"
377,"г. Уфа, ул Гвардейская, д. 48"
378,"г. Уфа, ул Гвардейская, д. 54/2"
379,"г. Уфа, ул Генерала Горбатова, д. 3/2"
380,"г. Уфа, ул Генерала Горбатова, д. 3/3"
381,"г. Уфа, ул Генерала Горбатова, д. 5/1"
382,"г. Уфа, ул Генерала Горбатова, д. 7"
383,"г. Уфа, ул Генерала Горбатова, д. 7/4"
384,"г. Уфа, ул Генерала Горбатова, д. 7/5"
385,"г. Уфа, ул Генерала Горбатова, д. 9"
386,"г. Уфа, ул Георгия Мушникова, д. 2"
387,"г. Уфа, ул Георгия Мушникова, д. 3"
388,"г. Уфа, ул Георгия Мушникова, д. 9"
389,"г. Уфа, ул Георгия Мушникова, д. 9/1"
390,"г. Уфа, ул Георгия Мушникова, д. 21"
391,"г. Уфа, ул Глинки, д. 9"
392,"г. Уфа, ул Глинки, д. 11"
393,"г. Уфа, ул Гоголя, д. 55А"
394,"г. Уфа, ул Гоголя, д. 56"
395,"г. Уфа, ул Грозненская, д. 67/1"
396,"г. Уфа, ул Грозненская, д. 67/2"
397,"г. Уфа, ул Грозненская, д. 67/3"
398,"г. Уфа, ул Грозненская, д. 67/4"
399,"г. Уфа, ул Грозненская, д. 67/5"
400,"г. Уфа, ул Дагестанская, д. 7"
401,"г. Уфа, ул Дагестанская, д. 9"
402,"г. Уфа, ул Дагестанская, д. 9/1"
403,"г. Уфа, ул Дагестанская, д. 15"
404,"г. Уфа, ул Дагестанская, д. 17/1"
405,"г. Уфа, ул Дагестанская, д. 21"
406,"г. Уфа, ул Дагестанская, д. 31"
407,"г. Уфа, ул Даута Юлтыя, д. 5"
408,"г. Уфа, ул Джалиля Киекбаева, д. 9"
409,"г. Уфа, ул Дмитрия Донского, д. 83"
410,"г. Уфа, ул Добролетная, д. 7/2"
411,"г. Уфа, ул Достоевского, д. 45"
412,"г. Уфа, ул Достоевского, д. 60"
413,"г. Уфа, ул Достоевского, д. 68"
414,"г. Уфа, ул Достоевского, д. 99"
415,"г. Уфа, ул Достоевского, д. 109"
416,"г. Уфа, ул Достоевского, д. 110"
417,"г. Уфа, ул Достоевского, д. 137"
418,"г. Уфа, ул Егора Сазонова, д. 40А"
419,"г. Уфа, ул Железняцкая, д. 37/4"
420,"г. Уфа, ул Жуковского, д. 18"
421,"г. Уфа, ул Заводская, д. 1/3"
422,"г. Уфа, ул Заводская, д. 10"
423,"г. Уфа, ул Заки Валиди, д. 3"
424,"г. Уфа, ул Заки Валиди, д. 43 кор.А"
425,"г. Уфа, ул Заки Валиди, д. 62/1"
426,"г. Уфа, ул Заки Валиди, д. 62/2"
427,"г. Уфа, ул Заки Валиди, д. 62/3"
428,"г. Уфа, ул Запотоцкого, д. 21"
429,"г. Уфа, ул Запотоцкого, д. 48"
430,"г. Уфа, ул Зеленогорская, д. 3"
431,"г. Уфа, ул Зеленогорская, д. 5"
432,"г. Уфа, ул Зеленогорская, д. 7"
433,"г. Уфа, ул Зеленогорская, д. 9"
434,"г. Уфа, ул Зеленогорская, д. 11"
435,"г. Уфа, ул Зеленогорская, д. 13"
436,"г. Уфа, ул им. Фронтовых бригад, д. 3"
437,"г. Уфа, ул Индустриальное шоссе, д. 123"
438,"г. Уфа, ул Индустриальное шоссе, д. 125"
439,"г. Уфа, ул Интернациональная, д. 65"
440,"г. Уфа, ул Интернациональная, д. 73"
441,"г. Уфа, ул Интернациональная, д. 75"
442,"г. Уфа, ул Интернациональная, д. 77"
443,"г. Уфа, ул Интернациональная, д. 79"
444,"г. Уфа, ул Интернациональная, д. 91"
445,"г. Уфа, ул Интернациональная, д. 93"
446,"г. Уфа, ул Интернациональная, д. 95/1"
447,"г. Уфа, ул Интернациональная, д. 101"
448,"г. Уфа, ул Интернациональная, д. 103"
449,"г. Уфа, ул Интернациональная, д. 105"
450,"г. Уфа, ул Интернациональная, д. 107/1"
451,"г. Уфа, ул Интернациональная, д. 115"
452,"г. Уфа, ул Интернациональная, д. 117"
453,"г. Уфа, ул Интернациональная, д. 119/1"
454,"г. Уфа, ул Интернациональная, д. 129/2"
455,"г. Уфа, ул Интернациональная, д. 131/1"
456,"г. Уфа, ул Интернациональная, д. 141/1"
457,"г. Уфа, ул Интернациональная, д. 149"
458,"г. Уфа, ул Интернациональная, д. 153/1"
459,"г. Уфа, ул Интернациональная, д. 155"
460,"г. Уфа, ул Интернациональная, д. 159"
461,"г. Уфа, ул Интернациональная, д. 161"
462,"г. Уфа, ул Интернациональная, д. 165"
463,"г. Уфа, ул Интернациональная, д. 167"
464,"г. Уфа, ул Интернациональная, д. 179"
465,"г. Уфа, ул Интернациональная, д. 179/3"
466,"г. Уфа, ул Интернациональная, д. 187/3"
467,"г. Уфа, ул Интернациональная, д. 191"
468,"г. Уфа, ул Интернациональная, д. 193"
469,"г. Уфа, ул Ирендык, д. 4"
470,"г. Уфа, ул Ирендык, д. 4/1"
471,"г. Уфа, ул Казанская, д. 14"
472,"г. Уфа, ул Калинина, д. 2"
473,"г. Уфа, ул Калинина, д. 5"
474,"г. Уфа, ул Калинина, д. 7"
475,"г. Уфа, ул Калинина, д. 12"
476,"г. Уфа, ул Калинина, д. 39"
477,"г. Уфа, ул Калинина, д. 41"
478,"г. Уфа, ул Калинина, д. 45"
479,"г. Уфа, ул Калинина, д. 57А"
480,"г. Уфа, ул Калинина, д. 65"
481,"г. Уфа, ул Калинина, д. 73"
482,"г. Уфа, ул Калинина, д. 75А"
483,"г. Уфа, ул Калинина, д. 80"
484,"г. Уфа, ул Калинина, д. 82А"
485,"г. Уфа, ул Караидельская, д. 48"
486,"г. Уфа, ул Карима Хакимова, д. 5"
487,"г. Уфа, ул Карла Маркса, д. 32"
488,"г. Уфа, ул Карла Маркса, д. 40"
489,"г. Уфа, ул Карла Маркса, д. 52"
490,"г. Уфа, ул Карла Маркса, д. 57А"
491,"г. Уфа, ул Карла Маркса, д. 65"
492,"г. Уфа, ул Карла Маркса, д. 65/1"
493,"г. Уфа, ул Карла Маркса, д. 83"
494,"г. Уфа, ул Касимовская, д. 6/2"
495,"г. Уфа, ул Касимовская, д. 14"
496,"г. Уфа, ул Кигинская, д. 1"
497,"г. Уфа, ул Кирова, д. 8"
498,"г. Уфа, ул Кирова, д. 31"
499,"г. Уфа, ул Кирова, д. 39"
500,"г. Уфа, ул Кирова, д. 40/1"
501,"г. Уфа, ул Кирова, д. 43"
502,"г. Уфа, ул Кирова, д. 44"
503,"г. Уфа, ул Кирова, д. 46"
504,"г. Уфа, ул Кирова, д. 47"
505,"г. Уфа, ул Кирова, д. 47/1"
506,"г. Уфа, ул Кирова, д. 89"
507,"г. Уфа, ул Кирова, д. 99"
508,"г. Уфа, ул Кольцевая, д. 24"
509,"г. Уфа, ул Кольцевая, д. 33Б"
510,"г. Уфа, ул Кольцевая, д. 34"
511,"г. Уфа, ул Кольцевая, д. 36"
512,"г. Уфа, ул Кольцевая, д. 38"
513,"г. Уфа, ул Кольцевая, д. 45"
514,"г. Уфа, ул Кольцевая, д. 50"
515,"г. Уфа, ул Кольцевая, д. 53/1"
516,"г. Уфа, ул Кольцевая, д. 54"
517,"г. Уфа, ул Кольцевая, д. 56"
518,"г. Уфа, ул Кольцевая, д. 58"
519,"г. Уфа, ул Кольцевая, д. 61"
520,"г. Уфа, ул Кольцевая, д. 63"
521,"г. Уфа, ул Кольцевая, д. 64"
522,"г. Уфа, ул Кольцевая, д. 76"
523,"г. Уфа, ул Кольцевая, д. 78"
524,"г. Уфа, ул Кольцевая, д. 82"
525,"г. Уфа, ул Кольцевая, д. 84"
526,"г. Уфа, ул Кольцевая, д. 86"
527,"г. Уфа, ул Кольцевая, д. 88"
528,"г. Уфа, ул Кольцевая, д. 94"
529,"г. Уфа, ул Кольцевая, д. 97"
530,"г. Уфа, ул Кольцевая, д. 104"
531,"г. Уфа, ул Кольцевая, д. 106"
532,"г. Уфа, ул Кольцевая, д. 113В"
533,"г. Уфа, ул Кольцевая, д. 132"
534,"г. Уфа, ул Кольцевая, д. 133"
535,"г. Уфа, ул Кольцевая, д. 135"
536,"г. Уфа, ул Кольцевая, д. 140"
537,"г. Уфа, ул Кольцевая, д. 156А"
538,"г. Уфа, ул Кольцевая, д. 158А"
539,"г. Уфа, ул Кольцевая, д. 162"
540,"г. Уфа, ул Кольцевая, д. 164"
541,"г. Уфа, ул Кольцевая, д. 166"
542,"г. Уфа, ул Кольцевая, д. 170/1"
543,"г. Уфа, ул Кольцевая, д. 170/2"
544,"г. Уфа, ул Кольцевая, д. 180"
545,"г. Уфа, ул Кольцевая, д. 197"
546,"г. Уфа, ул Кольцевая, д. 202"
547,"г. Уфа, ул Кольцевая, д. 205/2"
548,"г. Уфа, ул Комарова, д. 26"
549,"г. Уфа, ул Коммунальная, д. 5"
550,"г. Уфа, ул Коммунальная, д. 6"
551,"г. Уфа, ул Коммунальная, д. 7"
552,"г. Уфа, ул Коммунальная, д. 8"
553,"г. Уфа, ул Коммунальная, д. 10"
554,"г. Уфа, ул Коммунальная, д. 10/1"
555,"г. Уфа, ул Коммунаров, д. 18"
556,"г. Уфа, ул Коммунаров, д. 22"
557,"г. Уфа, ул Коммунаров, д. 52"
558,"г. Уфа, ул Коммунаров, д. 71/1"
559,"г. Уфа, ул Коммунаров, д. 75"
560,"г. Уфа, ул Коммунистическая, д. 16"
561,"г. Уфа, ул Коммунистическая, д. 36"
562,"г. Уфа, ул Коммунистическая, д. 65"
563,"г. Уфа, ул Коммунистическая, д. 82"
564,"г. Уфа, ул Комсомольская, д. 10"
565,"г. Уфа, ул Комсомольская, д. 12"
566,"г. Уфа, ул Комсомольская, д. 12/1"
567,"г. Уфа, ул Комсомольская, д. 16/1"
568,"г. Уфа, ул Комсомольская, д. 18"
569,"г. Уфа, ул Комсомольская, д. 19"
570,"г. Уфа, ул Комсомольская, д. 21/1"
571,"г. Уфа, ул Комсомольская, д. 26"
572,"г. Уфа, ул Комсомольская, д. 27"
573,"г. Уфа, ул Комсомольская, д. 27/2"
574,"г. Уфа, ул Комсомольская, д. 27/3"
575,"г. Уфа, ул Комсомольская, д. 29"
576,"г. Уфа, ул Комсомольская, д. 37"
577,"г. Уфа, ул Комсомольская, д. 96/2"
578,"г. Уфа, ул Комсомольская, д. 100"
579,"г. Уфа, ул Комсомольская, д. 100/2"
580,"г. Уфа, ул Комсомольская, д. 137/2"
581,"г. Уфа, ул Комсомольская, д. 143/1"
582,"г. Уфа, ул Комсомольская, д. 145"
583,"г. Уфа, ул Комсомольская, д. 153/1"
584,"г. Уфа, ул Комсомольская, д. 163/3"
585,"г. Уфа, ул Комсомольская, д. 167"
586,"г. Уфа, ул Комсомольская, д. 167/2"
587,"г. Уфа, ул Конституции, д. 4"
588,"г. Уфа, ул Конституции, д. 5"
589,"г. Уфа, ул Конституции, д. 6"
590,"г. Уфа, ул Конституции, д. 7"
591,"г. Уфа, ул Конституции, д. 9"
592,"г. Уфа, ул Конституции, д. 12"
593,"г. Уфа, ул Конституции, д. 13"
594,"г. Уфа, ул Короленко, д. 3"
595,"г. Уфа, ул Короленко, д. 7"
596,"г. Уфа, ул Короленко, д. 8/1"
597,"г. Уфа, ул Космонавтов, д. 11"
598,"г. Уфа, ул Космонавтов, д. 14"
599,"г. Уфа, ул Красина, д. 13/3"
600,"г. Уфа, ул Кремлевская, д. 19"
601,"г. Уфа, ул Кремлевская, д. 44"
602,"г. Уфа, ул Кремлевская, д. 53"
603,"г. Уфа, ул Кремлевская, д. 57/1"
604,"г. Уфа, ул Кремлевская, д. 61/1"
605,"г. Уфа, ул Кремлевская, д. 76"
606,"г. Уфа, ул Кубанская, д. 1"
607,"г. Уфа, ул Кулибина, д. 19/1"
608,"г. Уфа, ул Ладыгина, д. 7"
609,"г. Уфа, ул Ладыгина, д. 15"
610,"г. Уфа, ул Ладыгина, д. 17/1"
611,"г. Уфа, ул Ладыгина, д. 19"
612,"г. Уфа, ул Левитана, д. 8"
613,"г. Уфа, ул Левитана, д. 14/4"
614,"г. Уфа, ул Левитана, д. 14/5"
615,"г. Уфа, ул Левитана, д. 14/6"
616,"г. Уфа, ул Левитана, д. 17"
617,"г. Уфа, ул Левитана, д. 20"
618,"г. Уфа, ул Левитана, д. 22"
619,"г. Уфа, ул Левитана, д. 22/1"
620,"г. Уфа, ул Левитана, д. 22/2"
621,"г. Уфа, ул Левитана, д. 36"
622,"г. Уфа, ул Левитана, д. 36/1"
623,"г. Уфа, ул Левитана, д. 38/3"
624,"г. Уфа, ул Левитана, д. 39"
625,"г. Уфа, ул Левитана, д. 41"
626,"г. Уфа, ул Левитана, д. 41Б"
627,"г. Уфа, ул Левитана, д. 71"
628,"г. Уфа, ул Ленина, д. 2"
629,"г. Уфа, ул Ленина, д. 9/11"
630,"г. Уфа, ул Ленина, д. 26"
631,"г. Уфа, ул Ленина, д. 72"
632,"г. Уфа, ул Ленина, д. 87"
633,"г. Уфа, ул Ленина, д. 97"
634,"г. Уфа, ул Ленина, д. 162"
635,"г. Уфа, ул Лесотехникума, д. 10"
636,"г. Уфа, ул Лесотехникума, д. 34/1"
637,"г. Уфа, ул Лесотехникума, д. 100"
638,"г. Уфа, ул Летчиков, д. 4"
639,"г. Уфа, ул Летчиков, д. 4/1"
640,"г. Уфа, ул Летчиков, д. 4/2"
641,"г. Уфа, ул Летчиков, д. 4/3"
642,"г. Уфа, ул Летчиков, д. 4/4"
643,"г. Уфа, ул Летчиков, д. 5/1"
644,"г. Уфа, ул Летчиков, д. 5/2"
645,"г. Уфа, ул Летчиков, д. 5/3"
646,"г. Уфа, ул Летчиков, д. 5/4"
647,"г. Уфа, ул Летчиков, д. 6"
648,"г. Уфа, ул Летчиков, д. 8"
649,"г. Уфа, ул Льва Толстого, д. 3"
650,"г. Уфа, ул Льва Толстого, д. 5"
651,"г. Уфа, ул Льва Толстого, д. 18"
652,"г. Уфа, ул Львовская, д. 5"
653,"г. Уфа, ул Магистральная, д. 9"
654,"г. Уфа, ул Магистральная, д. 12"
655,"г. Уфа, ул Магистральная, д. 12/1"
656,"г. Уфа, ул Магистральная, д. 27/2"
657,"г. Уфа, ул Майская, д. 5"
658,"г. Уфа, ул Майская, д. 9А"
659,"г. Уфа, ул Максима Горького, д. 39"
660,"г. Уфа, ул Максима Горького, д. 41"
661,"г. Уфа, ул Максима Горького, д. 76"
662,"г. Уфа, ул Максима Рыльского, д. 3"
663,"г. Уфа, ул Максима Рыльского, д. 4"
664,"г. Уфа, ул Максима Рыльского, д. 5"
665,"г. Уфа, ул Максима Рыльского, д. 6/1"
666,"г. Уфа, ул Максима Рыльского, д. 7"
667,"г. Уфа, ул Максима Рыльского, д. 8/1"
668,"г. Уфа, ул Максима Рыльского, д. 8/2"
669,"г. Уфа, ул Максима Рыльского, д. 9"
670,"г. Уфа, ул Максима Рыльского, д. 10/1"
671,"г. Уфа, ул Максима Рыльского, д. 11"
672,"г. Уфа, ул Максима Рыльского, д. 12/1"
673,"г. Уфа, ул Максима Рыльского, д. 12/2"
674,"г. Уфа, ул Максима Рыльского, д. 14/1"
675,"г. Уфа, ул Максима Рыльского, д. 18"
676,"г. Уфа, ул Максима Рыльского, д. 19"
677,"г. Уфа, ул Максима Рыльского, д. 20"
678,"г. Уфа, ул Максима Рыльского, д. 20/1"
679,"г. Уфа, ул Максима Рыльского, д. 21/3"
680,"г. Уфа, ул Максима Рыльского, д. 24"
681,"г. Уфа, ул Максима Рыльского, д. 24/1"
682,"г. Уфа, ул Максима Рыльского, д. 24/2"
683,"г. Уфа, ул Максима Рыльского, д. 25/2"
684,"г. Уфа, ул Максима Рыльского, д. 26"
685,"г. Уфа, ул Максима Рыльского, д. 28"
686,"г. Уфа, ул Малая Лесозаводская, д. 1"
687,"г. Уфа, ул Малая Лесозаводская, д. 3А"
688,"г. Уфа, ул Маршала Жукова, д. 2/7"
689,"г. Уфа, ул Маршала Жукова, д. 4/1"
690,"г. Уфа, ул Маршала Жукова, д. 5"
691,"г. Уфа, ул Маршала Жукова, д. 6"
692,"г. Уфа, ул Маршала Жукова, д. 7"
693,"г. Уфа, ул Маршала Жукова, д. 8"
694,"г. Уфа, ул Маршала Жукова, д. 9"
695,"г. Уфа, ул Маршала Жукова, д. 11А"
696,"г. Уфа, ул Маршала Жукова, д. 11Б"
697,"г. Уфа, ул Маршала Жукова, д. 11В"
698,"г. Уфа, ул Маршала Жукова, д. 11Г"
699,"г. Уфа, ул Маршала Жукова, д. 11Д"
700,"г. Уфа, ул Маршала Жукова, д. 13"
701,"г. Уфа, ул Маршала Жукова, д. 15"
702,"г. Уфа, ул Маршала Жукова, д. 17"
703,"г. Уфа, ул Маршала Жукова, д. 17А"
704,"г. Уфа, ул Маршала Жукова, д. 17Б"
705,"г. Уфа, ул Маршала Жукова, д. 17В"
706,"г. Уфа, ул Маршала Жукова, д. 17Г"
707,"г. Уфа, ул Маршала Жукова, д. 17Д"
708,"г. Уфа, ул Маршала Жукова, д. 21"
709,"г. Уфа, ул Маршала Жукова, д. 23"
710,"г. Уфа, ул Матвея Пинского, д. 1"
711,"г. Уфа, ул Матвея Пинского, д. 8"
712,"г. Уфа, ул Машиностроителей, д. 4/1"
713,"г. Уфа, ул Машиностроителей, д. 12"
714,"г. Уфа, ул Машиностроителей, д. 15"
715,"г. Уфа, ул Маяковского, д. 8"
716,"г. Уфа, ул Маяковского, д. 10/2"
717,"г. Уфа, ул Маяковского, д. 13"
718,"г. Уфа, ул Маяковского, д. 21"
719,"г. Уфа, ул Мелеузовская, д. 17/2"
720,"г. Уфа, ул Менделеева, д. 1"
721,"г. Уфа, ул Менделеева, д. 7"
722,"г. Уфа, ул Менделеева, д. 7/1"
723,"г. Уфа, ул Менделеева, д. 9"
724,"г. Уфа, ул Менделеева, д. 9/3"
725,"г. Уфа, ул Менделеева, д. 9/4"
726,"г. Уфа, ул Менделеева, д. 11/1"
727,"г. Уфа, ул Менделеева, д. 108"
728,"г. Уфа, ул Менделеева, д. 112/2"
729,"г. Уфа, ул Менделеева, д. 120"
730,"г. Уфа, ул Менделеева, д. 122"
731,"г. Уфа, ул Менделеева, д. 140"
732,"г. Уфа, ул Менделеева, д. 142"
733,"г. Уфа, ул Менделеева, д. 145/1"
734,"г. Уфа, ул Менделеева, д. 151"
735,"г. Уфа, ул Менделеева, д. 152"
736,"г. Уфа, ул Менделеева, д. 155/1"
737,"г. Уфа, ул Менделеева, д. 155/2"
738,"г. Уфа, ул Менделеева, д. 173"
739,"г. Уфа, ул Менделеева, д. 173/1"
740,"г. Уфа, ул Менделеева, д. 173/2"
741,"г. Уфа, ул Менделеева, д. 173/3"
742,"г. Уфа, ул Менделеева, д. 175А"
743,"г. Уфа, ул Менделеева, д. 175Б"
744,"г. Уфа, ул Менделеева, д. 177/1"
745,"г. Уфа, ул Менделеева, д. 197"
746,"г. Уфа, ул Менделеева, д. 197/2"
747,"г. Уфа, ул Менделеева, д. 199"
748,"г. Уфа, ул Менделеева, д. 201/2"
749,"г. Уфа, ул Менделеева, д. 213/2"
750,"г. Уфа, ул Менделеева, д. 215/1"
751,"г. Уфа, ул Менделеева, д. 215/2"
752,"г. Уфа, ул Мечетлинская, д. 2"
753,"г. Уфа, ул Мечетлинская, д. 2А"
754,"г. Уфа, ул Мечетлинская, д. 3"
755,"г. Уфа, ул Мечетлинская, д. 5"
756,"г. Уфа, ул Мечетлинская, д. 10"
757,"г. Уфа, ул Мечетлинская, д. 11"
758,"г. Уфа, ул Мечетлинская, д. 11А"
759,"г. Уфа, ул Мингажева, д. 109"
760,"г. Уфа, ул Мингажева, д. 121/2"
761,"г. Уфа, ул Мингажева, д. 156"
762,"г. Уфа, ул Мингажева, д. 158"
763,"г. Уфа, ул Минигали Губайдуллина, д. 5"
764,"г. Уфа, ул Минигали Губайдуллина, д. 17"
765,"г. Уфа, ул Минигали Губайдуллина, д. 17/1"
766,"г. Уфа, ул Минигали Губайдуллина, д. 17/2"
767,"г. Уфа, ул Минигали Губайдуллина, д. 19"
768,"г. Уфа, ул Минигали Губайдуллина, д. 19/1"
769,"г. Уфа, ул Минигали Губайдуллина, д. 19/4"
770,"г. Уфа, ул Минигали Губайдуллина, д. 19/5"
771,"г. Уфа, ул Минигали Губайдуллина, д. 21"
772,"г. Уфа, ул Минигали Губайдуллина, д. 21/2"
773,"г. Уфа, ул Минигали Губайдуллина, д. 21/3"
774,"г. Уфа, ул Минигали Губайдуллина, д. 23"
775,"г. Уфа, ул Минигали Губайдуллина, д. 23/1"
776,"г. Уфа, ул Минигали Губайдуллина, д. 25"
777,"г. Уфа, ул Минигали Губайдуллина, д. 25/1"
778,"г. Уфа, ул Минигали Губайдуллина, д. 25/2"
779,"г. Уфа, ул Минигали Губайдуллина, д. 25/3"
780,"г. Уфа, ул Минская, д. 58"
781,"г. Уфа, ул Мира, д. 4"
782,"г. Уфа, ул Мира, д. 5"
783,"г. Уфа, ул Мира, д. 9/3"
784,"г. Уфа, ул Мира, д. 16"
785,"г. Уфа, ул Мира, д. 37"
786,"г. Уфа, ул Мубарякова, д. 2/1"
787,"г. Уфа, ул Мубарякова, д. 3"
788,"г. Уфа, ул Мубарякова, д. 4/1"
789,"г. Уфа, ул Мубарякова, д. 6/1"
790,"г. Уфа, ул Мубарякова, д. 8"
791,"г. Уфа, ул Мубарякова, д. 10"
792,"г. Уфа, ул Мубарякова, д. 10/1"
793,"г. Уфа, ул Мубарякова, д. 12/2"
794,"г. Уфа, ул Мубарякова, д. 13"
795,"г. Уфа, ул Муксинова, д. 1"
796,"г. Уфа, ул Муксинова, д. 3"
797,"г. Уфа, ул Муксинова, д. 5"
798,"г. Уфа, ул Муксинова, д. 7"
799,"г. Уфа, ул Муксинова, д. 9"
800,"г. Уфа, ул Мусоргского, д. 19Б"
801,"г. Уфа, ул Мусоргского, д. 23"
802,"г. Уфа, ул Мустая Карима, д. 5"
803,"г. Уфа, ул Мустая Карима, д. 28А"
804,"г. Уфа, ул Мустая Карима, д. 43"
805,"г. Уфа, ул Мустая Карима, д. 44"
806,"г. Уфа, ул Мустая Карима, д. 45"
807,"г. Уфа, ул Мустая Карима, д. 47"
808,"г. Уфа, ул Мустая Карима, д. 48"
809,"г. Уфа, ул Мусы Джалиля, д. 64"
810,"г. Уфа, ул Мусы Джалиля, д. 66"
811,"г. Уфа, ул Мусы Джалиля, д. 68/1"
812,"г. Уфа, ул Мусы Джалиля, д. 74/1"
813,"г. Уфа, ул Набережная р. Уфы, д. 39"
814,"г. Уфа, ул Набережная р. Уфы, д. 43"
815,"г. Уфа, ул Набережная р. Уфы, д. 43/1"
816,"г. Уфа, ул Набережная р. Уфы, д. 45"
817,"г. Уфа, ул Набережная р. Уфы, д. 45/1"
818,"г. Уфа, ул Набережная р. Уфы, д. 45/2"
819,"г. Уфа, ул Набережная р. Уфы, д. 45/4"
820,"г. Уфа, ул Набережная р. Уфы, д. 61"
821,"г. Уфа, ул Натальи Ковшовой, д. 6/1"
822,"г. Уфа, ул Натальи Ковшовой, д. 10"
823,"г. Уфа, ул Нежинская, д. 1"
824,"г. Уфа, ул Нежинская, д. 8"
825,"г. Уфа, ул Нежинская, д. 11"
826,"г. Уфа, ул Нежинская, д. 15"
827,"г. Уфа, ул Нежинская, д. 16"
828,"г. Уфа, ул Нежинская, д. 17"
829,"г. Уфа, ул Нежинская, д. 30"
830,"г. Уфа, ул Нежинская, д. 32"
831,"г. Уфа, ул Нежинская, д. 34"
832,"г. Уфа, ул Нежинская, д. 36"
833,"г. Уфа, ул Нежинская, д. 37"
834,"г. Уфа, ул Нежинская, д. 38А"
835,"г. Уфа, ул Нежинская, д. 39"
836,"г. Уфа, ул Нежинская, д. 40А"
837,"г. Уфа, ул Николая Дмитриева, д. 5"
838,"г. Уфа, ул Новороссийская, д. 2"
839,"г. Уфа, ул Новороссийская, д. 4"
840,"г. Уфа, ул Оборонная, д. 1/3"
841,"г. Уфа, ул Обская, д. 6"
842,"г. Уфа, ул Обская, д. 14"
843,"г. Уфа, ул Обская, д. 17"
844,"г. Уфа, ул Обская, д. 19"
845,"г. Уфа, ул Октябрьской Революции, д. 9"
846,"г. Уфа, ул Октябрьской Революции, д. 40"
847,"г. Уфа, ул Октябрьской Революции, д. 72"
848,"г. Уфа, ул Олимпийская, д. 1"
849,"г. Уфа, ул Олимпийская, д. 51"
850,"г. Уфа, ул Орджоникидзе, д. 5"
851,"г. Уфа, ул Орджоникидзе, д. 6"
852,"г. Уфа, ул Орджоникидзе, д. 7"
853,"г. Уфа, ул Орджоникидзе, д. 12"
854,"г. Уфа, ул Орджоникидзе, д. 13"
855,"г. Уфа, ул Орджоникидзе, д. 14"
856,"г. Уфа, ул Орджоникидзе, д. 16"
857,"г. Уфа, ул Орджоникидзе, д. 18/1"
858,"г. Уфа, ул Орджоникидзе, д. 18/2"
859,"г. Уфа, ул Орджоникидзе, д. 36"
860,"г. Уфа, ул Островского, д. 16/1"
861,"г. Уфа, ул Островского, д. 18/1"
862,"г. Уфа, ул Парковая, д. 6/1"
863,"г. Уфа, ул Парковая, д. 18/1"
864,"г. Уфа, ул Парковая, д. 18/3"
865,"г. Уфа, ул Пархоменко, д. 69"
866,"г. Уфа, ул Пархоменко, д. 73"
867,"г. Уфа, ул Пархоменко, д. 106"
868,"г. Уфа, ул Пархоменко, д. 131"
869,"г. Уфа, ул Пекинская, д. 9"
870,"г. Уфа, ул Пекинская, д. 22"
871,"г. Уфа, ул Пекинская, д. 33/1"
872,"г. Уфа, ул Первомайская, д. 2А"
873,"г. Уфа, ул Первомайская, д. 3А"
874,"г. Уфа, ул Первомайская, д. 5"
875,"г. Уфа, ул Первомайская, д. 6"
876,"г. Уфа, ул Первомайская, д. 22"
877,"г. Уфа, ул Первомайская, д. 24"
878,"г. Уфа, ул Первомайская, д. 26"
879,"г. Уфа, ул Первомайская, д. 27"
880,"г. Уфа, ул Первомайская, д. 28"
881,"г. Уфа, ул Первомайская, д. 34"
882,"г. Уфа, ул Первомайская, д. 35"
883,"г. Уфа, ул Первомайская, д. 43"
884,"г. Уфа, ул Первомайская, д. 43А"
885,"г. Уфа, ул Первомайская, д. 49"
886,"г. Уфа, ул Первомайская, д. 53"
887,"г. Уфа, ул Первомайская, д. 55"
888,"г. Уфа, ул Первомайская, д. 56"
889,"г. Уфа, ул Первомайская, д. 58"
890,"г. Уфа, ул Первомайская, д. 62"
891,"г. Уфа, ул Первомайская, д. 70/1"
892,"г. Уфа, ул Первомайская, д. 71А"
893,"г. Уфа, ул Первомайская, д. 78 кор.1"
894,"г. Уфа, ул Первомайская, д. 83"
895,"г. Уфа, ул Первомайская, д. 84"
896,"г. Уфа, ул Первомайская, д. 84/2"
897,"г. Уфа, ул Первомайская, д. 86"
898,"г. Уфа, ул Первомайская, д. 90"
899,"г. Уфа, ул Первомайская, д. 93"
900,"г. Уфа, ул Первомайская, д. 95"
901,"г. Уфа, ул Петрозаводская, д. 8Б"
902,"г. Уфа, ул Победы, д. 6"
903,"г. Уфа, ул Победы, д. 9"
904,"г. Уфа, ул Победы, д. 10"
905,"г. Уфа, ул Победы, д. 11"
906,"г. Уфа, ул Победы, д. 12/1"
907,"г. Уфа, ул Победы, д. 18"
908,"г. Уфа, ул Победы, д. 33"
909,"г. Уфа, ул Подвойского, д. 17"
910,"г. Уфа, ул Пожарского, д. 243"
911,"г. Уфа, ул Пожарского, д. 307"
912,"г. Уфа, ул Правды, д. 1"
913,"г. Уфа, ул Правды, д. 2"
914,"г. Уфа, ул Правды, д. 4"
915,"г. Уфа, ул Правды, д. 6"
916,"г. Уфа, ул Правды, д. 6А"
917,"г. Уфа, ул Правды, д. 8"
918,"г. Уфа, ул Правды, д. 11"
919,"г. Уфа, ул Правды, д. 13"
920,"г. Уфа, ул Правды, д. 21"
921,"г. Уфа, ул Правды, д. 23"
922,"г. Уфа, ул Правды, д. 25"
923,"г. Уфа, ул Правды, д. 25/1"
924,"г. Уфа, ул Правды, д. 37/1"
925,"г. Уфа, ул Пушкина, д. 35/1"
926,"г. Уфа, ул Пушкина, д. 52"
927,"г. Уфа, ул Пушкина, д. 79"
928,"г. Уфа, ул Рабкоров, д. 2/3"
929,"г. Уфа, ул Рабкоров, д. 2/7"
930,"г. Уфа, ул Рабкоров, д. 6"
931,"г. Уфа, ул Рабкоров, д. 6А"
932,"г. Уфа, ул Рабкоров, д. 10"
933,"г. Уфа, ул Рабкоров, д. 14"
934,"г. Уфа, ул Рабкоров, д. 16"
935,"г. Уфа, ул Рабкоров, д. 22/2"
936,"г. Уфа, ул Революционная, д. 16"
937,"г. Уфа, ул Революционная, д. 18/20"
938,"г. Уфа, ул Революционная, д. 31"
939,"г. Уфа, ул Революционная, д. 34"
940,"г. Уфа, ул Революционная, д. 84"
941,"г. Уфа, ул Революционная, д. 88"
942,"г. Уфа, ул Революционная, д. 92/1"
943,"г. Уфа, ул Революционная, д. 92/2"
944,"г. Уфа, ул Революционная, д. 107"
945,"г. Уфа, ул Революционная, д. 129"
946,"г. Уфа, ул Революционная, д. 165"
947,"г. Уфа, ул Революционная, д. 167/1"
948,"г. Уфа, ул Революционная, д. 167/3"
949,"г. Уфа, ул Репина, д. 4"
950,"г. Уфа, ул Рижская, д. 7"
951,"г. Уфа, ул Рихарда Зорге, д. 4"
952,"г. Уфа, ул Рихарда Зорге, д. 8/1"
953,"г. Уфа, ул Рихарда Зорге, д. 10"
954,"г. Уфа, ул Рихарда Зорге, д. 12"
955,"г. Уфа, ул Рихарда Зорге, д. 24/2"
956,"г. Уфа, ул Рихарда Зорге, д. 30"
957,"г. Уфа, ул Рихарда Зорге, д. 32/2"
958,"г. Уфа, ул Рихарда Зорге, д. 34/1"
959,"г. Уфа, ул Рихарда Зорге, д. 34/2"
960,"г. Уфа, ул Рихарда Зорге, д. 34/3"
961,"г. Уфа, ул Рихарда Зорге, д. 36/2"
962,"г. Уфа, ул Рихарда Зорге, д. 38"
963,"г. Уфа, ул Рихарда Зорге, д. 38/2"
964,"г. Уфа, ул Рихарда Зорге, д. 43/1"
965,"г. Уфа, ул Рихарда Зорге, д. 44"
966,"г. Уфа, ул Рихарда Зорге, д. 45"
967,"г. Уфа, ул Рихарда Зорге, д. 45/5"
968,"г. Уфа, ул Рихарда Зорге, д. 74"
969,"г. Уфа, ул Российская, д. 10"
970,"г. Уфа, ул Российская, д. 11"
971,"г. Уфа, ул Российская, д. 33/2"
972,"г. Уфа, ул Российская, д. 33/3"
973,"г. Уфа, ул Российская, д. 37"
974,"г. Уфа, ул Российская, д. 41"
975,"г. Уфа, ул Российская, д. 41/1"
976,"г. Уфа, ул Российская, д. 41/2"
977,"г. Уфа, ул Российская, д. 43"
978,"г. Уфа, ул Российская, д. 43/10"
979,"г. Уфа, ул Российская, д. 43/14"
980,"г. Уфа, ул Российская, д. 43/2"
981,"г. Уфа, ул Российская, д. 43/3"
982,"г. Уфа, ул Российская, д. 43/4"
983,"г. Уфа, ул Российская, д. 43/5"
984,"г. Уфа, ул Российская, д. 43/6"
985,"г. Уфа, ул Российская, д. 43/7"
986,"г. Уфа, ул Российская, д. 43/8"
987,"г. Уфа, ул Российская, д. 43/9"
988,"г. Уфа, ул Российская, д. 44"
989,"г. Уфа, ул Российская, д. 45/2"
990,"г. Уфа, ул Российская, д. 50"
991,"г. Уфа, ул Российская, д. 54А"
992,"г. Уфа, ул Российская, д. 84/1"
993,"г. Уфа, ул Российская, д. 94/2"
994,"г. Уфа, ул Российская, д. 96/1"
995,"г. Уфа, ул Российская, д. 153"
996,"г. Уфа, ул Российская, д. 161"
997,"г. Уфа, ул Российская, д. 161/1"
998,"г. Уфа, ул Российская, д. 161/2"
999,"г. Уфа, ул Российская, д. 161/3"
1000,"г. Уфа, ул Российская, д. 163"
1001,"г. Уфа, ул Российская, д. 163/2"
1002,"г. Уфа, ул Российская, д. 163/3"
1003,"г. Уфа, ул Российская, д. 163/4"
1004,"г. Уфа, ул Российская, д. 163А"
1005,"г. Уфа, ул Российская, д. 163Б"
1006,"г. Уфа, ул Российская, д. 163В"
1007,"г. Уфа, ул Российская, д. 165"
1008,"г. Уфа, ул Российская, д. 167"
1009,"г. Уфа, ул Российская, д. 167/1"
1010,"г. Уфа, ул Российская, д. 169"
1011,"г. Уфа, ул Российская, д. 169/1"
1012,"г. Уфа, ул Российская, д. 171"
1013,"г. Уфа, ул Российская, д. 171А"
1014,"г. Уфа, ул Российская, д. 171Б"
1015,"г. Уфа, ул Российская, д. 171В"
1016,"г. Уфа, ул Ростовская, д. 26"
1017,"г. Уфа, ул Рычкова, д. 16"
1018,"г. Уфа, ул Рядовая, д. 3"
1019,"г. Уфа, ул Рядовая, д. 3/1"
1020,"г. Уфа, ул Рядовая, д. 5"
1021,"г. Уфа, ул Рядовая, д. 5/1"
1022,"г. Уфа, ул Рядовая, д. 7"
1023,"г. Уфа, ул Рядовая, д. 7/1"
1024,"г. Уфа, ул Рядовая, д. 9"
1025,"г. Уфа, ул Рядовая, д. 10"
1026,"г. Уфа, ул Рядовая, д. 12"
1027,"г. Уфа, ул Рязанская, д. 1/1"
1028,"г. Уфа, ул Рязанская, д. 7"
1029,"г. Уфа, ул Рязанская, д. 9"
1030,"г. Уфа, ул Сагита Агиша, д. 16"
1031,"г. Уфа, ул Салавата, д. 13"
1032,"г. Уфа, ул Салавата, д. 19/1"
1033,"г. Уфа, ул Свободы, д. 27/1"
1034,"г. Уфа, ул Свободы, д. 34"
1035,"г. Уфа, ул Свободы, д. 36"
1036,"г. Уфа, ул Свободы, д. 38/1"
1037,"г. Уфа, ул Свободы, д. 39"
1038,"г. Уфа, ул Свободы, д. 51"
1039,"г. Уфа, ул Свободы, д. 53"
1040,"г. Уфа, ул Сельская, д. 2"
1041,"г. Уфа, ул Сельская, д. 4"
1042,"г. Уфа, ул Сельская Богородская, д. 17"
1043,"г. Уфа, ул Сельская Богородская, д. 23"
1044,"г. Уфа, ул Сельская Богородская, д. 45"
1045,"г. Уфа, ул Сергея Вострецова, д. 8/1"
1046,"г. Уфа, ул Сипайловская, д. 10"
1047,"г. Уфа, ул Сипайловская, д. 12/2"
1048,"г. Уфа, ул Советская, д. 21"
1049,"г. Уфа, ул Сосновская, д. 34А"
1050,"г. Уфа, ул Сосновская, д. 48"
1051,"г. Уфа, ул Софьи Перовской, д. 1"
1052,"г. Уфа, ул Софьи Перовской, д. 3"
1053,"г. Уфа, ул Софьи Перовской, д. 5"
1054,"г. Уфа, ул Софьи Перовской, д. 11/1"
1055,"г. Уфа, ул Софьи Перовской, д. 11/3"
1056,"г. Уфа, ул Софьи Перовской, д. 11/4"
1057,"г. Уфа, ул Софьи Перовской, д. 13"
1058,"г. Уфа, ул Софьи Перовской, д. 13/1"
1059,"г. Уфа, ул Софьи Перовской, д. 13А"
1060,"г. Уфа, ул Софьи Перовской, д. 13Б"
1061,"г. Уфа, ул Софьи Перовской, д. 13В"
1062,"г. Уфа, ул Софьи Перовской, д. 13Г"
1063,"г. Уфа, ул Софьи Перовской, д. 15"
1064,"г. Уфа, ул Софьи Перовской, д. 15/1"
1065,"г. Уфа, ул Софьи Перовской, д. 21/3"
1066,"г. Уфа, ул Софьи Перовской, д. 25/1"
1067,"г. Уфа, ул Софьи Перовской, д. 25/2"
1068,"г. Уфа, ул Софьи Перовской, д. 25/3"
1069,"г. Уфа, ул Софьи Перовской, д. 27"
1070,"г. Уфа, ул Сочинская, д. 10/1"
1071,"г. Уфа, ул Стадионная, д. 7"
1072,"г. Уфа, ул Степана Злобина, д. 5/1"
1073,"г. Уфа, ул Степана Злобина, д. 11"
1074,"г. Уфа, ул Степана Злобина, д. 20"
1075,"г. Уфа, ул Степана Злобина, д. 20/1"
1076,"г. Уфа, ул Степана Злобина, д. 22/1А"
1077,"г. Уфа, ул Степана Злобина, д. 22/1Б"
1078,"г. Уфа, ул Степана Злобина, д. 22/1В"
1079,"г. Уфа, ул Степана Злобина, д. 24"
1080,"г. Уфа, ул Степана Злобина, д. 26"
1081,"г. Уфа, ул Степана Злобина, д. 28"
1082,"г. Уфа, ул Степана Злобина, д. 28 кор.2"
1083,"г. Уфа, ул Степана Злобина, д. 28/1"
1084,"г. Уфа, ул Степана Злобина, д. 38"
1085,"г. Уфа, ул Степана Злобина, д. 40"
1086,"г. Уфа, ул Степана Злобина, д. 42"
1087,"г. Уфа, ул Степана Кувыкина, д. 1Б"
1088,"г. Уфа, ул Степана Кувыкина, д. 1Г"
1089,"г. Уфа, ул Степана Кувыкина, д. 3"
1090,"г. Уфа, ул Степана Кувыкина, д. 4"
1091,"г. Уфа, ул Степана Кувыкина, д. 4/1"
1092,"г. Уфа, ул Степана Кувыкина, д. 4/2"
1093,"г. Уфа, ул Степана Кувыкина, д. 7А"
1094,"г. Уфа, ул Степана Кувыкина, д. 9"
1095,"г. Уфа, ул Степана Кувыкина, д. 9А"
1096,"г. Уфа, ул Степана Кувыкина, д. 10"
1097,"г. Уфа, ул Степана Кувыкина, д. 14"
1098,"г. Уфа, ул Степана Кувыкина, д. 20"
1099,"г. Уфа, ул Степана Кувыкина, д. 21"
1100,"г. Уфа, ул Степана Кувыкина, д. 21/1"
1101,"г. Уфа, ул Степана Кувыкина, д. 23"
1102,"г. Уфа, ул Степана Кувыкина, д. 29"
1103,"г. Уфа, ул Степана Кувыкина, д. 31"
1104,"г. Уфа, ул Степана Кувыкина, д. 33"
1105,"г. Уфа, ул Степана Кувыкина, д. 35"
1106,"г. Уфа, ул Степана Кувыкина, д. 37"
1107,"г. Уфа, ул Степана Кувыкина, д. 39"
1108,"г. Уфа, ул Степана Халтурина, д. 34/1"
1109,"г. Уфа, ул Степана Халтурина, д. 38"
1110,"г. Уфа, ул Степана Халтурина, д. 48"
1111,"г. Уфа, ул Степана Халтурина, д. 49/1"
1112,"г. Уфа, ул Степана Халтурина, д. 50"
1113,"г. Уфа, ул Степана Халтурина, д. 59"
1114,"г. Уфа, ул Суворова, д. 70"
1115,"г. Уфа, ул Судоремонтная, д. 27"
1116,"г. Уфа, ул Султанова, д. 24"
1117,"г. Уфа, ул Таллинская, д. 3А"
1118,"г. Уфа, ул Таллинская, д. 3Б"
1119,"г. Уфа, ул Таллинская, д. 4"
1120,"г. Уфа, ул Таллинская, д. 6"
1121,"г. Уфа, ул Таллинская, д. 16"
1122,"г. Уфа, ул Таллинская, д. 18"
1123,"г. Уфа, ул Таллинская, д. 20"
1124,"г. Уфа, ул Таллинская, д. 21А"
1125,"г. Уфа, ул Таллинская, д. 22"
1126,"г. Уфа, ул Таллинская, д. 23"
1127,"г. Уфа, ул Таллинская, д. 23А"
1128,"г. Уфа, ул Таллинская, д. 24"
1129,"г. Уфа, ул Таллинская, д. 24/1"
1130,"г. Уфа, ул Таллинская, д. 28"
1131,"г. Уфа, ул Татышлинская, д. 2А"
1132,"г. Уфа, ул Театральная, д. 5"
1133,"г. Уфа, ул Театральная, д. 5/1"
1134,"г. Уфа, ул Транспортная, д. 26"
1135,"г. Уфа, ул Транспортная, д. 26/1"
1136,"г. Уфа, ул Транспортная, д. 26/3"
1137,"г. Уфа, ул Транспортная, д. 26/4"
1138,"г. Уфа, ул Транспортная, д. 26/5"
1139,"г. Уфа, ул Транспортная, д. 26/6"
1140,"г. Уфа, ул Транспортная, д. 28"
1141,"г. Уфа, ул Транспортная, д. 28/1"
1142,"г. Уфа, ул Транспортная, д. 30"
1143,"г. Уфа, ул Транспортная, д. 30/2"
1144,"г. Уфа, ул Транспортная, д. 30/3"
1145,"г. Уфа, ул Транспортная, д. 30/4"
1146,"г. Уфа, ул Транспортная, д. 30/5"
1147,"г. Уфа, ул Транспортная, д. 32"
1148,"г. Уфа, ул Транспортная, д. 32/1"
1149,"г. Уфа, ул Транспортная, д. 34"
1150,"г. Уфа, ул Транспортная, д. 34/3"
1151,"г. Уфа, ул Транспортная, д. 34/4"
1152,"г. Уфа, ул Транспортная, д. 36"
1153,"г. Уфа, ул Транспортная, д. 36/1"
1154,"г. Уфа, ул Транспортная, д. 36/2"
1155,"г. Уфа, ул Транспортная, д. 36/3"
1156,"г. Уфа, ул Транспортная, д. 38"
1157,"г. Уфа, ул Транспортная, д. 38/1"
1158,"г. Уфа, ул Транспортная, д. 40"
1159,"г. Уфа, ул Транспортная, д. 44"
1160,"г. Уфа, ул Транспортная, д. 48/2"
1161,"г. Уфа, ул Транспортная, д. 50/3"
1162,"г. Уфа, ул Тукаева, д. 29"
1163,"г. Уфа, ул Ульяновых, д. 20"
1164,"г. Уфа, ул Ульяновых, д. 24"
1165,"г. Уфа, ул Ульяновых, д. 26"
1166,"г. Уфа, ул Ульяновых, д. 33"
1167,"г. Уфа, ул Ульяновых, д. 39"
1168,"г. Уфа, ул Ульяновых, д. 44"
1169,"г. Уфа, ул Уфимское шоссе, д. 6"
1170,"г. Уфа, ул Уфимское шоссе, д. 8"
1171,"г. Уфа, ул Уфимское шоссе, д. 18"
1172,"г. Уфа, ул Уфимское шоссе, д. 18/1"
1173,"г. Уфа, ул Уфимское шоссе, д. 23/2"
1174,"г. Уфа, ул Уфимское шоссе, д. 25"
1175,"г. Уфа, ул Уфимское шоссе, д. 25/1"
1176,"г. Уфа, ул Уфимское шоссе, д. 25/2"
1177,"г. Уфа, ул Уфимское шоссе, д. 25/3"
1178,"г. Уфа, ул Уфимское шоссе, д. 27"
1179,"г. Уфа, ул Уфимское шоссе, д. 27/1"
1180,"г. Уфа, ул Уфимское шоссе, д. 27/2"
1181,"г. Уфа, ул Уфимское шоссе, д. 27/3"
1182,"г. Уфа, ул Уфимское шоссе, д. 29"
1183,"г. Уфа, ул Уфимское шоссе, д. 29/1"
1184,"г. Уфа, ул Уфимское шоссе, д. 37/1"
1185,"г. Уфа, ул Ухтомского, д. 5"
1186,"г. Уфа, ул Ухтомского, д. 10"
1187,"г. Уфа, ул Ухтомского, д. 13"
1188,"г. Уфа, ул Ухтомского, д. 16"
1189,"г. Уфа, ул Ухтомского, д. 17"
1190,"г. Уфа, ул Ухтомского, д. 17/2"
1191,"г. Уфа, ул Ухтомского, д. 20"
1192,"г. Уфа, ул Ухтомского, д. 21"
1193,"г. Уфа, ул Ухтомского, д. 22"
1194,"г. Уфа, ул Ухтомского, д. 23"
1195,"г. Уфа, ул Ухтомского, д. 24"
1196,"г. Уфа, ул Ухтомского, д. 26/2"
1197,"г. Уфа, ул Ухтомского, д. 28"
1198,"г. Уфа, ул Ферина, д. 3"
1199,"г. Уфа, ул Ферина, д. 5/1"
1200,"г. Уфа, ул Ферина, д. 6/1"
1201,"г. Уфа, ул Ферина, д. 8/1"
1202,"г. Уфа, ул Ферина, д. 9/1"
1203,"г. Уфа, ул Ферина, д. 10"
1204,"г. Уфа, ул Ферина, д. 14"
1205,"г. Уфа, ул Ферина, д. 19/3"
1206,"г. Уфа, ул Ферина, д. 20/1"
1207,"г. Уфа, ул Ферина, д. 20/2"
1208,"г. Уфа, ул Ферина, д. 26"
1209,"г. Уфа, ул Ферина, д. 28"
1210,"г. Уфа, ул Харьковская, д. 101"
1211,"г. Уфа, ул Харьковская, д. 114"
1212,"г. Уфа, ул Харьковская, д. 116"
1213,"г. Уфа, ул Харьковская, д. 118"
1214,"г. Уфа, ул Харьковская, д. 120"
1215,"г. Уфа, ул Харьковская, д. 129"
1216,"г. Уфа, ул Худайбердина, д. 1А"
1217,"г. Уфа, ул Худайбердина, д. 4"
1218,"г. Уфа, ул Центральная, д. 2"
1219,"г. Уфа, ул Центральная, д. 4"
1220,"г. Уфа, ул Центральная, д. 6"
1221,"г. Уфа, ул Центральная, д. 8"
1222,"г. Уфа, ул Центральная, д. 10"
1223,"г. Уфа, ул Центральная, д. 12"
1224,"г. Уфа, ул Центральная, д. 12А"
1225,"г. Уфа, ул Центральная, д. 16"
1226,"г. Уфа, ул Центральная, д. 18/1"
1227,"г. Уфа, ул Центральная, д. 22А"
1228,"г. Уфа, ул Центральная, д. 28"
1229,"г. Уфа, ул Центральная, д. 34"
1230,"г. Уфа, ул Центральная, д. 40"
1231,"г. Уфа, ул Центральная, д. 42"
1232,"г. Уфа, ул Центральная, д. 44"
1233,"г. Уфа, ул Цюрупы, д. 91"
1234,"г. Уфа, ул Цюрупы, д. 93"
1235,"г. Уфа, ул Цюрупы, д. 134"
1236,"г. Уфа, ул Цюрупы, д. 149/1"
1237,"г. Уфа, ул Черниковская, д. 7/1"
1238,"г. Уфа, ул Черниковская, д. 9"
1239,"г. Уфа, ул Черниковская, д. 19/2"
1240,"г. Уфа, ул Черниковская, д. 42"
1241,"г. Уфа, ул Черниковская, д. 43"
1242,"г. Уфа, ул Черниковская, д. 44"
1243,"г. Уфа, ул Черниковская, д. 46"
1244,"г. Уфа, ул Черниковская, д. 48"
1245,"г. Уфа, ул Черниковская, д. 50"
1246,"г. Уфа, ул Черниковская, д. 50/1"
1247,"г. Уфа, ул Черниковская, д. 52"
1248,"г. Уфа, ул Черниковская, д. 54"
1249,"г. Уфа, ул Черниковская, д. 67"
1250,"г. Уфа, ул Черниковская, д. 75/2"
1251,"г. Уфа, ул Черниковская, д. 83/1"
1252,"г. Уфа, ул Черниковская, д. 85/1"
1253,"г. Уфа, ул Черниковская, д. 89/1"
1254,"г. Уфа, ул Черниковская, д. 89/2"
1255,"г. Уфа, ул Чернышевского, д. 14/1"
1256,"г. Уфа, ул Чернышевского, д. 100"
1257,"г. Уфа, ул Чернышевского, д. 101А"
1258,"г. Уфа, ул Чернышевского, д. 105"
1259,"г. Уфа, ул Чернышевского, д. 122/1"
1260,"г. Уфа, ул Чернышевского, д. 125/1"
1261,"г. Уфа, ул Чудинова, д. 1"
1262,"г. Уфа, ул Чудинова, д. 2"
1263,"г. Уфа, ул Чудинова, д. 14"
1264,"г. Уфа, ул Чудинова, д. 16"
1265,"г. Уфа, ул Шафиева, д. 4"
1266,"г. Уфа, ул Шафиева, д. 12/1"
1267,"г. Уфа, ул Шафиева, д. 31"
1268,"г. Уфа, ул Шафиева, д. 41"
1269,"г. Уфа, ул Шафиева, д. 43"
1270,"г. Уфа, ул Шафиева, д. 43/1"
1271,"г. Уфа, ул Шафиева, д. 46/1"
1272,"г. Уфа, ул Шафиева, д. 48"
1273,"г. Уфа, ул Шафиева, д. 50"
1274,"г. Уфа, ул Шафиева, д. 52"
1275,"г. Уфа, ул Шафиева, д. 54"
1276,"г. Уфа, ул Шота Руставели, д. 5"
1277,"г. Уфа, ул Шота Руставели, д. 23"
1278,"г. Уфа, ул Шота Руставели, д. 24"
1279,"г. Уфа, ул Шота Руставели, д. 26"
1280,"г. Уфа, ул Шота Руставели, д. 28"
1281,"г. Уфа, ул Шота Руставели, д. 28/1"
1282,"г. Уфа, ул Шумавцова, д. 11"
1283,"г. Уфа, ул Шумавцова, д. 21"
1284,"г. Уфа, ул Электрификации, д. 54/10"
1285,"г. Уфа, ул Электрификации, д. 54/5"
1286,"г. Уфа, ул Электрификации, д. 54/6"
1287,"г. Уфа, ул Энгельса, д. 1"
1288,"г. Уфа, ул Энтузиастов, д. 6"
1289,"г. Уфа, ул Юматовская, д. 2Б"
1290,"г. Уфа, ул Юрия Гагарина, д. 5"
1291,"г. Уфа, ул Юрия Гагарина, д. 9"
1292,"г. Уфа, ул Юрия Гагарина, д. 12"
1293,"г. Уфа, ул Юрия Гагарина, д. 12/1"
1294,"г. Уфа, ул Юрия Гагарина, д. 13"
1295,"г. Уфа, ул Юрия Гагарина, д. 13/1"
1296,"г. Уфа, ул Юрия Гагарина, д. 13/2"
1297,"г. Уфа, ул Юрия Гагарина, д. 13/3"
1298,"г. Уфа, ул Юрия Гагарина, д. 14/1"
1299,"г. Уфа, ул Юрия Гагарина, д. 17"
1300,"г. Уфа, ул Юрия Гагарина, д. 18"
1301,"г. Уфа, ул Юрия Гагарина, д. 19"
1302,"г. Уфа, ул Юрия Гагарина, д. 22/1"
1303,"г. Уфа, ул Юрия Гагарина, д. 23"
1304,"г. Уфа, ул Юрия Гагарина, д. 24"
1305,"г. Уфа, ул Юрия Гагарина, д. 25"
1306,"г. Уфа, ул Юрия Гагарина, д. 26/2"
1307,"г. Уфа, ул Юрия Гагарина, д. 29"
1308,"г. Уфа, ул Юрия Гагарина, д. 31"
1309,"г. Уфа, ул Юрия Гагарина, д. 35"
1310,"г. Уфа, ул Юрия Гагарина, д. 36"
1311,"г. Уфа, ул Юрия Гагарина, д. 36/1"
1312,"г. Уфа, ул Юрия Гагарина, д. 37"
1313,"г. Уфа, ул Юрия Гагарина, д. 39/1"
1314,"г. Уфа, ул Юрия Гагарина, д. 40"
1315,"г. Уфа, ул Юрия Гагарина, д. 45"
1316,"г. Уфа, ул Юрия Гагарина, д. 46/4"
1317,"г. Уфа, ул Юрия Гагарина, д. 47"
1318,"г. Уфа, ул Юрия Гагарина, д. 52"
1319,"г. Уфа, ул Юрия Гагарина, д. 64"
1320,"г. Уфа, ул Юрия Гагарина, д. 68"
1321,"г. Уфа, ул Юрия Гагарина, д. 68/2"
1322,"г. Уфа, ул Юрия Гагарина, д. 72/1"
1323,"г. Уфа, ул Юрия Гагарина, д. 74"
1324,"г. Уфа, п Новые Черкассы, ул Нефтяников, д. 7"
1325,"г. Уфа, п Новые Черкассы, ул Нефтяников, д. 18"
1326,"г. Уфа, п Новые Черкассы, ул Пионерская, д. 11/1"
1327,"г. Уфа, п Новые Черкассы, ул Пионерская, д. 13/1"
1328,"г. Уфа, п Новые Черкассы, ул Пионерская, д. 16/3"
1329,"г. Уфа, п Новые Черкассы, ул Пионерская, д. 16/4"
1330,"г. Уфа, п Новые Черкассы, ул Юрия Гагарина, д. 13"
1331,"г. Уфа, п Новые Черкассы, ул Юрия Гагарина, д. 17"
1332,"г. Уфа, п Новые Черкассы, ул Юрия Гагарина, д. 19"
